--use QLTrungTamDayThem﻿
--Nhập danh sách Admin
Insert Into Adminn Values('Ketoan','1234',N'Kế toán')
Insert Into Adminn Values('Admin','1234',N'Quản lý')
Insert Into Adminn Values('Nhanvien','1234',N'Nhân viên')

--Nhập danh sách Giáo Viên
Insert Into GiaoVien Values('GV001',N'Phan Thanh Tao','1975-06-05','1',N'Đà Nẵng',N'Toán',N'Thạc Sĩ','0987654321')
Insert Into GiaoVien Values('GV002',N'Lê Văn Dũng','1971-04-05','1',N'Huế',N'Toán',N'Thạc Sĩ','0987654322')
Insert Into GiaoVien Values('GV003',N'Phạm Minh Hiếu','1983-06-01','1',N'Đà Nẵng',N'Anh',N'Tiến Sĩ','0987654323')
Insert Into GiaoVien Values('GV004',N'Nguyễn Thị Ánh','1984-11-05','1',N'Quảng Trị',N'Anh',N'Thạc Sĩ','0987654324')
Insert Into GiaoVien Values('GV005',N'Mai Văn Hà','1981-04-05','1',N'Quảng Nam',N'Văn',N'Tiến Sĩ','0987654325')

--Nhập danh sách Lớp Học
Insert Into LopHoc Values('LH001','Lop1',10)
Insert Into LopHoc Values('LH002','Lop2',10)
Insert Into LopHoc Values('LH003','Lop3',10)
Insert Into LopHoc Values('LH004','Lop4',10)
Insert Into LopHoc Values('LH005','lop5',10)

--Nhập danh sách Học Viên
Insert Into HocVien Values('HV0001','LH001',N'Lê Đình San','2001-05-31','1',N'Dak Lak','0324567890',N'Nghỉ học')
Insert Into HocVien Values('HV0002','LH001',N'Nguyễn Văn A','2001-06-21','1',N'Dak Lak','0324567891',N'Đang Học')
Insert Into HocVien Values('HV0003','LH001',N'Nguyễn Văn B','2001-05-11','0',N'Nghệ An','0324567892',N'Nghỉ học')
Insert Into HocVien Values('HV0004','LH001',N'Nguyễn Văn C','2001-01-01','1',N'Hà Tĩnh','0324567893',N'Đang Học')
Insert Into HocVien Values('HV0005','LH001',N'Nguyễn Văn D','2001-05-01','0',N'Lạng Sơn','0324567894',N'Đang Học')
Insert Into HocVien Values('HV0006','LH001',N'Nguyễn Văn E','2001-06-21','1',N'Bắc Giang','0324567895',N'Đang Học')
Insert Into HocVien Values('HV0007','LH001',N'Trương Trọng Nghĩa','2001-01-31','1',N'Quảng Bình','0324567896',N'Đang Học')
Insert Into HocVien Values('HV0008','LH001',N'Nguyễn Hữu Dinh','2001-11-10','1',N'Quảng Bình','0324567897',N'Đang Học')
Insert Into HocVien Values('HV0009','LH001',N'Đào Danh Thái','2001-03-31','1',N'Nghệ An','0324567898',N'Đang Học')
Insert Into HocVien Values('HV0010','LH001',N'Nguyễn Văn Tèo','2001-05-31','0',N'Đà Nẵng','0324567899',N'Đang Học')

Insert Into HocVien Values('HV0011','LH002',N'Nguyễn Văn Tôm','2001-04-10','1',N'Huế','0324567889',N'Đang Học')
Insert Into HocVien Values('HV0012','LH002',N'Lê Thị Sinh','2001-05-09','0',N'Huế','0324567888',N'Đang Học')
Insert Into HocVien Values('HV0013','LH002',N'Lê Rất Đẹp','2001-06-08','0',N'Quảng Nam','0324567887',N'Đang Học')
Insert Into HocVien Values('HV0014','LH002',N'Lê Không Xấu','2007-05-07','1',N'Quảng Nam','0324567886',N'Đang Học')
Insert Into HocVien Values('HV0015','LH002',N'Lê Bao Đẹp','2001-08-06','0',N'Quảng Nam','0324567885',N'Đang Học')
Insert Into HocVien Values('HV0026','LH002',N'Lê Hà Nam','2001-07-07','1',N'Quảng Nam','0324567869',N'Đang Học')
Insert Into HocVien Values('HV0027','LH002',N'Lê Văn Luyện','2001-08-08','1',N'Quảng Nam','0324567868',N'Đang Học')
Insert Into HocVien Values('HV0028','LH002',N'Phạm Cao Nhân','2001-09-09','1',N'Bình Định','0324567867',N'Đang Học')
Insert Into HocVien Values('HV0029','LH002',N'Nguyễn Khoa Nội','2001-10-10','1',N'Quảng Nam','0324567866',N'Đang Học')
Insert Into HocVien Values('HV0030','LH002',N'Le Nhật','2001-11-11','0',N'Quảng Nam','0324567865',N'Đang Học')

Insert Into HocVien Values('HV0031','LH003',N'Nguyễn Thanh Nga','2001-12-12','1',N'Huế','0324567864',N'Đang Học')
Insert Into HocVien Values('HV0032','LH003',N'Mai Văn San','2001-01-13','1',N'Huế','0324567863',N'Đang Học')
Insert Into HocVien Values('HV0033','LH003',N'Nguyễn Khoa Ngoại','2001-02-14','1',N'Quảng Nam','0324567862',N'Đang Học')
Insert Into HocVien Values('HV0034','LH003',N'Lê Xuất Bản','2001-03-15','1',N'Quảng Nam','0324567861',N'Đang Học')
Insert Into HocVien Values('HV0035','LH003',N'Nguyễn Trần Trâm','2001-04-16','1',N'Quảng Nam','0324567860',N'Đang Học')
Insert Into HocVien Values('HV0036','LH003',N'Lưu Yến Nhi','2001-05-17','0',N'Đà Nẵng','0324567859',N'Đang Học')
Insert Into HocVien Values('HV0037','LH003',N'Nguyễn Thị Nga','2001-06-18','0',N'Huế','0324567858',N'Đang Học')
Insert Into HocVien Values('HV0038','LH003',N'Nguyễn Văn Thịnh','2001-07-19','1',N'Quảng Nam','0324567857',N'Đang Học')
Insert Into HocVien Values('HV0039','LH003',N'Nguyễn Văn Việt','2001-08-20','1',N'Dak Lak','0324567856',N'Đang Học')
Insert Into HocVien Values('HV0040','LH003',N'Đỗ Thanh Tuấn','2001-09-21','1',N'Quảng Nam','0324567855',N'Đang Học')

Insert Into HocVien Values('HV0016','LH004',N'Nguyễn Văn Tý','2001-09-05','1',N'Huế','0324567879',N'Đang Học')
Insert Into HocVien Values('HV0017','LH004',N'Vàng thị Bạc','2001-10-04','0',N'Huế','0324567878',N'Đang Học')
Insert Into HocVien Values('HV0018','LH004',N'Lê Thanh Thanh','2001-11-03','1',N'Quảng Nam','0324567877',N'Đang Học')
Insert Into HocVien Values('HV0019','LH004',N'Lê Thiều Bảo','2001-05-02','1',N'Quảng Nam','0324567876',N'Đang Học')
Insert Into HocVien Values('HV0020','LH004',N'Lê Thế Trường','2001-05-01','1',N'Quảng Nam','0324567875',N'Đang Học')
Insert Into HocVien Values('HV0041','LH004',N'Trần Trung Quân','2001-10-22','1',N'Huế','0324567854',N'Đang Học')
Insert Into HocVien Values('HV0042','LH004',N'Trần Nhật Quang','2001-11-23','1',N'Đà Nẵng','0324567853',N'Đang Học')
Insert Into HocVien Values('HV0043','LH004',N'Trần Long Duy','2001-05-24','1',N'Quảng Ngãi','0324567852',N'Đang Học')
Insert Into HocVien Values('HV0044','LH004',N'Lê Văn A','2001-05-25','1',N'Quảng Nam','0324567851',N'Đang Học')
Insert Into HocVien Values('HV0045','LH004',N'Lê Văn B','2001-06-26','1',N'Quảng Nam','0324567850',N'Đang Học')

Insert Into HocVien Values('HV0021','LH005',N'Nguyễn Văn An','2001-02-02','1',N'Huế','0324567874',N'Đang Học')
Insert Into HocVien Values('HV0022','LH005',N'Nguyễn Trần Anh Tuấn','2001-03-03','1',N'Huế','0324567873',N'Đang Học')
Insert Into HocVien Values('HV0023','LH005',N'Lê Thị Trúc','2001-04-04','1',N'Quảng Nam','0324567872',N'Đang Học')
Insert Into HocVien Values('HV0024','LH005',N'Nguyễn Thị Hà','2001-05-05','1',N'Quảng Nam','0324567871',N'Đang Học')
Insert Into HocVien Values('HV0025','LH005',N'Lương Thị Trúc Hà','2001-06-06','1',N'Quảng Nam','0324567870',N'Đang Học')
Insert Into HocVien Values('HV0046','LH005',N'Nguyễn Văn A','2001-07-27','1',N'Huế','0324567884',N'Đang Học')
Insert Into HocVien Values('HV0047','LH005',N'Lê Thị D','2001-08-28','0',N'Huế','0324567883',N'Đang Học')
Insert Into HocVien Values('HV0048','LH005',N'Lê Rất C','2001-09-29','1',N'Quảng Nam','0324567882',N'Đang Học')
Insert Into HocVien Values('HV0049','LH005',N'Lê Văn E','2001-10-30','1',N'Quảng Nam','0324567881',N'Đang Học')
Insert Into HocVien Values('HV0050','LH005',N'Lê Văn F','2001-09-30','1',N'Quảng Trị','0324567880',N'Đang Học')

--Nhập danh sách Môn Học
Insert Into MonHoc Values('MH001',N'Toán','GV001','LH001',N'Thứ 2, Buổi sáng','2017-01-02','2020-01-02')
Insert Into MonHoc Values('MH002',N'Anh','GV003','LH001',N'Thứ 3, Buổi sáng','2017-08-01','2020-08-01')
Insert Into MonHoc Values('MH003',N'Văn','GV005','LH001',N'Thứ 4, Buổi sáng','2017-10-02','2020-10-02')

Insert Into MonHoc Values('MH004',N'Toán','GV002','LH002',N'Thứ 2, Buổi chiều','2018-06-01','2021-06-01')
Insert Into MonHoc Values('MH005',N'Anh','GV004','LH002',N'Thứ 3, Buổi chiều','2018-04-08','2021-04-08')
Insert Into MonHoc Values('MH006',N'Văn','GV005','LH002',N'Thứ 4, Buổi chiều','2018-11-02','2021-11-02')

Insert Into MonHoc Values('MH007',N'Toán','GV001','LH003',N'Thứ 6, Buổi chiều','2019-08-01','2022-08-01')
Insert Into MonHoc Values('MH008',N'Anh','GV003','LH003',N'Thứ 7, Buổi chiều','2019-01-02','2022-01-02')
Insert Into MonHoc Values('MH009',N'Văn','GV005','LH003',N'Thứ 5, Buổi chiều','2019-02-22','2022-02-22')

Insert Into MonHoc Values('MH010',N'Toán','GV002','LH004',N'Thứ 5, Buổi sáng','2019-08-21','2022-08-21')
Insert Into MonHoc Values('MH011',N'Anh','GV004','LH004',N'Thứ 2, Buổi chiều','2019-08-21','2022-08-21')
Insert Into MonHoc Values('MH012',N'Văn','GV005','LH004',N'Thứ 5, Buổi chiều','2019-08-21','2022-08-21')

Insert Into MonHoc Values('MH013',N'Toán','GV001','LH005',N'Thứ 3, Buổi chiều','2019-08-21','2022-08-21')
Insert Into MonHoc Values('MH014',N'Anh','GV003','LH005',N'Thứ 4, Buổi chiều','2019-08-21','2022-08-21')
Insert Into MonHoc Values('MH015',N'Văn','GV005','LH005',N'Thứ 7, Buổi chiều','2019-08-21','2022-08-21')


--Nhập danh sách Biên Lai
Insert Into BienLai Values('LH001','HV0001','8000',N'Chưa nộp')
Insert Into BienLai Values('LH001','HV0002','10000',N'Đã nộp')
Insert Into BienLai Values('LH001','HV0003','8000',N'Đã nộp')
Insert Into BienLai Values('LH001','HV0004','1000',N'Đã nộp')
Insert Into BienLai Values('LH001','HV0005','8000',N'Đã nộp')
Insert Into BienLai Values('LH001','HV0006','9000',N'Đã nộp')
Insert Into BienLai Values('LH001','HV0007','8000',N'Chưa nộp')
Insert Into BienLai Values('LH001','HV0008','7000',N'Đã nộp')
Insert Into BienLai Values('LH001','HV0009','8000',N'Đã nộp')
Insert Into BienLai Values('LH001','HV0010','12000',N'Đã nộp')

Insert Into BienLai Values('LH002','HV0011','12000',N'Đã nộp')
Insert Into BienLai Values('LH002','HV0012','8000',N'Đã nộp')
Insert Into BienLai Values('LH002','HV0013','9000',N'Chưa nộp')
Insert Into BienLai Values('LH002','HV0014','7000',N'Đã nộp')
Insert Into BienLai Values('LH002','HV0015','10000',N'Đã nộp')
Insert Into BienLai Values('LH002','HV0016','8000',N'Đã nộp')
Insert Into BienLai Values('LH002','HV0017','9000',N'Đã nộp')
Insert Into BienLai Values('LH002','HV0018','11000',N'Đã nộp')
Insert Into BienLai Values('LH002','HV0019','8000',N'Chưa nộp')
Insert Into BienLai Values('LH002','HV0020','7000',N'Đã nộp')

Insert Into BienLai Values('LH003','HV0021','6000',N'Đã nộp')
Insert Into BienLai Values('LH003','HV0022','8000',N'Đã nộp')
Insert Into BienLai Values('LH003','HV0023','9000',N'Đã nộp')
Insert Into BienLai Values('LH003','HV0024','8000',N'Đã nộp')
Insert Into BienLai Values('LH003','HV0025','10000',N'Chưa nộp')
Insert Into BienLai Values('LH003','HV0026','12000',N'Đã nộp')
Insert Into BienLai Values('LH003','HV0027','8000',N'Chưa nộp')
Insert Into BienLai Values('LH003','HV0028','11000',N'Đã nộp')
Insert Into BienLai Values('LH003','HV0029','8000',N'Đã nộp')
Insert Into BienLai Values('LH003','HV0030','7000',N'Đã nộp')

Insert Into BienLai Values('LH004','HV0031','8000',N'Đã nộp')
Insert Into BienLai Values('LH004','HV0032','8000',N'Đã nộp')
Insert Into BienLai Values('LH004','HV0033','11000',N'Đã nộp')
Insert Into BienLai Values('LH004','HV0034','9000',N'Chưa nộp')
Insert Into BienLai Values('LH004','HV0035','7000',N'Đã nộp')
Insert Into BienLai Values('LH004','HV0036','8000',N'Đã nộp')
Insert Into BienLai Values('LH004','HV0037','7000',N'Chưa nộp')
Insert Into BienLai Values('LH004','HV0038','11000',N'Đã nộp')
Insert Into BienLai Values('LH004','HV0039','6000',N'Đã nộp')
Insert Into BienLai Values('LH004','HV0040','10000',N'Đã nộp')

Insert Into BienLai Values('LH005','HV0041','8000',N'Đã nộp')
Insert Into BienLai Values('LH005','HV0042','9000',N'Đã nộp')
Insert Into BienLai Values('LH005','HV0043','10000',N'Đã nộp')
Insert Into BienLai Values('LH005','HV0044','8000',N'Đã nộp')
Insert Into BienLai Values('LH005','HV0045','9000',N'Chưa nộp')
Insert Into BienLai Values('LH005','HV0046','6000',N'Chưa nộp')
Insert Into BienLai Values('LH005','HV0047','5000',N'Đã nộp')
Insert Into BienLai Values('LH005','HV0048','12000',N'Đã nộp')
Insert Into BienLai Values('LH005','HV0049','6000',N'Đã nộp')
Insert Into BienLai Values('LH005','HV0050','9000',N'Đã nộp')
